{
  "pythia-1.4b": {
    "n_cc": 72,
    "retention": {
      "0.1": 0.625,
      "0.2": 0.1898148148148148
    }
  },
  "pythia-1b": {
    "n_cc": 74,
    "retention": {
      "0.1": 0.9279279279279279,
      "0.2": 0.8513513513513514
    }
  },
  "pythia-410m": {
    "n_cc": 52,
    "retention": {
      "0.1": 0.12820512820512822,
      "0.2": 0.019230769230769232
    }
  },
  "qwen0.5b": {
    "n_cc": 127,
    "retention": {
      "0.1": 0.7427821522309711,
      "0.2": 0.43307086614173224
    }
  },
  "qwen1.5b": {
    "n_cc": 151,
    "retention": {
      "0.1": 0.04415011037527594,
      "0.2": 0.033112582781456956
    }
  },
  "smollm2-360m": {
    "n_cc": 91,
    "retention": {
      "0.1": 0.8717948717948718,
      "0.2": 0.6739926739926739
    }
  },
  "tinyllama": {
    "n_cc": 77,
    "retention": {
      "0.1": 0.8917748917748917,
      "0.2": 0.7445887445887447
    }
  }
}