{
  "clean_acc": 0.37142857142857144,
  "crossovers": [
    0.1,
    0.1,
    0.1,
    0.1,
    0.1
  ],
  "grid": {
    "0": [
      0.5897435897435898,
      0.10256410256410256,
      0.02564102564102564,
      0.0,
      0.0,
      0.0,
      0.0,
      0.0
    ],
    "1": [
      0.5897435897435898,
      0.07692307692307693,
      0.0,
      0.0,
      0.0,
      0.0,
      0.0,
      0.0
    ],
    "2": [
      0.5128205128205128,
      0.05128205128205128,
      0.0,
      0.0,
      0.0,
      0.0,
      0.0,
      0.0
    ],
    "3": [
      0.5128205128205128,
      0.05128205128205128,
      0.05128205128205128,
      0.0,
      0.0,
      0.0,
      0.0,
      0.0
    ],
    "4": [
      0.6410256410256411,
      0.20512820512820512,
      0.0,
      0.0,
      0.0,
      0.0,
      0.0,
      0.0
    ]
  },
  "n_cc": 39
}